date,time,temp
4/22/23,12:04 AM,64
4/22/23,12:19 AM,62
4/22/23,12:34 AM,62
4/22/23,12:49 AM,61
4/22/23,1:04 AM,60
4/22/23,1:19 AM,61
4/22/23,1:34 AM,60
4/22/23,1:49 AM,59
4/22/23,2:04 AM,58
4/22/23,2:19 AM,60
4/22/23,2:34 AM,
4/22/23,2:49 AM,
4/22/23,3:04 AM,
4/22/23,3:19 AM,
4/22/23,3:34 AM,
4/22/23,3:49 AM,
4/22/23,4:04 AM,
4/22/23,4:19 AM,
4/22/23,4:34 AM,
4/22/23,4:49 AM,
4/22/23,5:04 AM,
4/22/23,5:19 AM,
4/22/23,5:34 AM,
4/22/23,5:49 AM,
4/22/23,6:04 AM,
4/22/23,6:19 AM,
4/22/23,6:34 AM,57
4/22/23,6:49 AM,57
4/22/23,7:04 AM,59
4/22/23,7:19 AM,60
4/22/23,7:34 AM,62
4/22/23,7:49 AM,66
4/22/23,8:04 AM,68
4/22/23,8:19 AM,69
4/22/23,8:34 AM,71
4/22/23,8:49 AM,72
4/22/23,9:04 AM,75
4/22/23,9:19 AM,76
4/22/23,9:34 AM,78
4/22/23,9:49 AM,79
4/22/23,10:04 AM,80
4/22/23,10:19 AM,81
4/22/23,10:34 AM,82
4/22/23,10:49 AM,82
4/22/23,11:04 AM,82
4/22/23,11:19 AM,83
4/22/23,11:34 AM,84
4/22/23,11:49 AM,85
4/22/23,12:04 PM,86
4/22/23,12:19 PM,86
4/22/23,12:34 PM,87
4/22/23,12:49 PM,87
4/22/23,1:04 PM,87
4/22/23,1:19 PM,88
4/22/23,1:34 PM,88
4/22/23,1:49 PM,88
4/22/23,2:04 PM,88
4/22/23,2:19 PM,88
4/22/23,2:34 PM,89
4/22/23,2:49 PM,89
4/22/23,3:04 PM,89
4/22/23,3:19 PM,89
4/22/23,3:34 PM,89
4/22/23,3:49 PM,89
4/22/23,4:04 PM,90
4/22/23,4:19 PM,88
4/22/23,4:34 PM,88
4/22/23,4:49 PM,87
4/22/23,5:04 PM,87
4/22/23,5:19 PM,87
4/22/23,5:34 PM,87
4/22/23,5:49 PM,86
4/22/23,6:04 PM,85
4/22/23,6:19 PM,85
4/22/23,6:34 PM,84
4/22/23,6:49 PM,82
4/22/23,7:04 PM,80
4/22/23,7:19 PM,78
4/22/23,7:34 PM,76
4/22/23,7:49 PM,74
4/22/23,8:04 PM,73
4/22/23,8:19 PM,72
4/22/23,8:34 PM,72
4/22/23,8:49 PM,73
4/22/23,9:04 PM,73
4/22/23,9:19 PM,72
4/22/23,9:34 PM,72
4/22/23,9:49 PM,71
4/22/23,10:04 PM,71
4/22/23,10:19 PM,70
4/22/23,10:34 PM,69
4/22/23,10:49 PM,68
4/22/23,11:04 PM,66
4/22/23,11:19 PM,66
4/22/23,11:34 PM,66
4/22/23,11:49 PM,66
4/23/23,12:04 AM,65
4/23/23,12:19 AM,64
4/23/23,12:34 AM,64
4/23/23,12:49 AM,63
4/23/23,1:04 AM,63
4/23/23,1:19 AM,64
4/23/23,1:34 AM,64
4/23/23,1:49 AM,64
4/23/23,2:04 AM,65
4/23/23,2:19 AM,63
4/23/23,2:34 AM,61
4/23/23,2:49 AM,
4/23/23,3:04 AM,
4/23/23,3:19 AM,
4/23/23,3:34 AM,
4/23/23,3:49 AM,
4/23/23,4:04 AM,
4/23/23,4:19 AM,
4/23/23,4:34 AM,
4/23/23,4:49 AM,
4/23/23,5:04 AM,
4/23/23,5:19 AM,
4/23/23,5:34 AM,
4/23/23,5:49 AM,
4/23/23,6:04 AM,
4/23/23,6:19 AM,
4/23/23,6:34 AM,
4/23/23,6:49 AM,59
4/23/23,7:04 AM,61
4/23/23,7:19 AM,64
4/23/23,7:34 AM,66
4/23/23,7:49 AM,67
4/23/23,8:04 AM,68
4/23/23,8:19 AM,71
4/23/23,8:34 AM,74
4/23/23,8:49 AM,76
4/23/23,9:04 AM,78
4/23/23,9:19 AM,80
4/23/23,9:34 AM,80
4/23/23,9:49 AM,82
4/23/23,10:04 AM,83
4/23/23,10:19 AM,84
4/23/23,10:34 AM,86
4/23/23,10:49 AM,87
4/23/23,11:04 AM,87
4/23/23,11:19 AM,88
4/23/23,11:34 AM,90
4/23/23,11:49 AM,88
4/23/23,12:04 PM,90
4/23/23,12:19 PM,90
4/23/23,12:34 PM,90
4/23/23,12:49 PM,91
4/23/23,1:04 PM,90
4/23/23,1:19 PM,89
4/23/23,1:34 PM,91
4/23/23,1:49 PM,93
4/23/23,2:04 PM,93
4/23/23,2:19 PM,92
4/23/23,2:34 PM,93
4/23/23,2:49 PM,92
4/23/23,3:04 PM,91
4/23/23,3:19 PM,92
4/23/23,3:34 PM,93
4/23/23,3:49 PM,93
4/23/23,4:04 PM,93
4/23/23,4:19 PM,93
4/23/23,4:34 PM,93
4/23/23,4:49 PM,92
4/23/23,5:04 PM,92
4/23/23,5:19 PM,92
4/23/23,5:34 PM,91
4/23/23,5:49 PM,90
4/23/23,6:04 PM,89
4/23/23,6:19 PM,89
4/23/23,6:34 PM,87
4/23/23,6:49 PM,85
4/23/23,7:04 PM,84
4/23/23,7:19 PM,82
4/23/23,7:34 PM,79
4/23/23,7:49 PM,77
4/23/23,8:04 PM,76
4/23/23,8:19 PM,76
4/23/23,8:34 PM,77
4/23/23,8:49 PM,77
4/23/23,9:04 PM,78
4/23/23,9:19 PM,76
4/23/23,9:34 PM,75
4/23/23,9:49 PM,75
4/23/23,10:04 PM,74
4/23/23,10:19 PM,73
4/23/23,10:34 PM,72
4/23/23,10:49 PM,71
4/23/23,11:04 PM,69
4/23/23,11:19 PM,70
4/23/23,11:34 PM,69
4/23/23,11:49 PM,69
4/24/23,12:04 AM,69
4/24/23,12:19 AM,67
4/24/23,12:34 AM,66
4/24/23,12:49 AM,66
4/24/23,1:04 AM,66
4/24/23,1:19 AM,66
4/24/23,1:34 AM,67
4/24/23,1:49 AM,66
4/24/23,2:04 AM,65
4/24/23,2:19 AM,65
4/24/23,2:34 AM,66
4/24/23,2:49 AM,
4/24/23,3:04 AM,
4/24/23,3:19 AM,
4/24/23,3:34 AM,
4/24/23,3:49 AM,
4/24/23,4:04 AM,
4/24/23,4:19 AM,
4/24/23,4:34 AM,
4/24/23,4:49 AM,
4/24/23,5:04 AM,
4/24/23,5:19 AM,
4/24/23,5:34 AM,
4/24/23,5:49 AM,
4/24/23,6:04 AM,
4/24/23,6:19 AM,
4/24/23,6:34 AM,61
4/24/23,6:49 AM,62
4/24/23,7:04 AM,65
4/24/23,7:19 AM,66
4/24/23,7:34 AM,68
4/24/23,7:49 AM,70
4/24/23,8:04 AM,73
4/24/23,8:19 AM,75
4/24/23,8:34 AM,75
4/24/23,8:49 AM,77
4/24/23,9:04 AM,78
4/24/23,9:19 AM,79
4/24/23,9:34 AM,79
4/24/23,9:49 AM,80
4/24/23,10:04 AM,82
4/24/23,10:19 AM,83
4/24/23,10:34 AM,84
4/24/23,10:49 AM,85
4/24/23,11:04 AM,86
4/24/23,11:19 AM,86
4/24/23,11:34 AM,87
4/24/23,11:49 AM,87
4/24/23,12:04 PM,87
4/24/23,12:19 PM,88
4/24/23,12:34 PM,88
4/24/23,12:49 PM,88
4/24/23,1:04 PM,90
4/24/23,1:19 PM,88
4/24/23,1:34 PM,90
4/24/23,1:49 PM,90
4/24/23,2:04 PM,90
4/24/23,2:19 PM,90
4/24/23,2:34 PM,89
4/24/23,2:49 PM,90
4/24/23,3:04 PM,90
4/24/23,3:19 PM,89
4/24/23,3:34 PM,90
4/24/23,3:49 PM,90
4/24/23,4:04 PM,91
4/24/23,4:19 PM,90
4/24/23,4:34 PM,90
4/24/23,4:49 PM,90
4/24/23,5:04 PM,90
4/24/23,5:19 PM,89
4/24/23,5:34 PM,88
4/24/23,5:49 PM,88
4/24/23,6:04 PM,87
4/24/23,6:19 PM,87
4/24/23,6:34 PM,86
4/24/23,6:49 PM,85
4/24/23,7:04 PM,83
4/24/23,7:19 PM,82
4/24/23,7:34 PM,82
4/24/23,7:49 PM,81
4/24/23,8:04 PM,79
4/24/23,8:19 PM,79
4/24/23,8:34 PM,79
4/24/23,8:49 PM,78
4/24/23,9:04 PM,77
4/24/23,9:19 PM,75
4/24/23,9:34 PM,75
4/24/23,9:49 PM,73
4/24/23,10:04 PM,73
4/24/23,10:19 PM,73
4/24/23,10:34 PM,71
4/24/23,10:49 PM,71
4/24/23,11:04 PM,69
4/24/23,11:19 PM,68
4/24/23,11:34 PM,67
4/24/23,11:49 PM,66